stock_id,date,cash_dividend,stock_dividend
1101,2017-07-31,1.45,0.0
1101,2018-08-01,1.5,1.0
1101,2018-11-26,0.0,0.0
1101,2019-08-19,3.30513111,0.70108841
1101,2020-08-18,2.50081632,0.50016326
1101,2021-08-18,3.36811984,0.0
1101,2022-07-27,0.99928258,0.99928258
1101,2023-07-17,0.49971973,0.0
1101,2024-07-07,1.0,0.0
1101,2025-07-08,1.0,0.0
1102,2017-09-05,0.9,0.0
1102,2018-09-05,1.2,0.0
1102,2019-07-30,2.8,0.0
1102,2020-07-29,3.0,0.0
1102,2021-08-11,3.46283787,0.0
1102,2022-08-03,3.39965914,0.0
1102,2023-07-26,2.29958798,0.0
1102,2024-07-26,2.1,0.0
1102,2025-07-23,2.2,0.0
1103,2017-08-30,0.2,0.0
1103,2018-08-11,0.5,0.0
1103,2019-09-04,1.0,0.0
1103,2020-07-29,1.0018628,0.0
1103,2021-09-14,1.39596118,0.0
1103,2022-08-10,0.65,0.0
1103,2023-08-02,0.3,0.2
1103,2024-07-24,0.5,0.0
1103,2025-07-31,0.55109766,0.0
1104,2017-07-22,1.2,0.3
1104,2018-07-16,1.1,0.0
1104,2019-07-21,1.0,0.0
1104,2020-07-24,1.0,0.0
1104,2021-08-22,1.1,0.0
1104,2022-08-01,1.0,0.0
1104,2023-07-29,1.5,0.3
1104,2024-07-22,1.8,0.2
1104,2025-07-01,1.7,0.0
1108,2017-08-01,0.6,0.0
1108,2020-09-04,0.15,0.0
1108,2021-09-03,0.7,0.0
1108,2022-09-03,0.6,0.0
1108,2023-09-03,0.8,0.0
1108,2024-09-03,1.0,0.0
1108,2025-07-31,0.75,0.0
1109,2017-07-09,0.1,0.0
1109,2018-07-23,0.1,0.0
1109,2019-07-22,0.8,0.0
1109,2020-07-24,1.1,0.0
1109,2021-08-09,1.5,0.0
1109,2022-08-10,1.503513,0.0
1109,2023-07-21,0.8,0.0
1109,2024-07-25,1.2,0.0
1109,2025-07-24,0.9,0.0
1110,2017-07-28,0.1,0.0
1110,2018-07-27,0.1,0.0
1110,2019-07-26,0.1,0.0
1110,2020-08-02,0.1,0.0
1110,2021-09-20,0.1,0.0
1110,2022-07-27,0.2,0.0
1110,2023-08-01,0.1,0.0
1110,2024-07-22,0.2,0.0
1110,2025-07-18,0.3,0.0
1201,2019-08-05,0.8,0.0
1201,2020-07-27,1.3339,0.0
1201,2021-09-13,0.53,0.0
1201,2022-08-01,0.501,0.0
1201,2023-07-24,0.238,0.0
1201,2024-07-30,0.266,0.0
1201,2025-07-29,0.5,0.0
1203,2017-09-05,1.0,0.0
1203,2018-09-05,1.3,0.0
1203,2019-09-10,1.0,0.0
1203,2020-09-09,1.0,0.0
1203,2021-09-08,1.1,0.0
1203,2022-09-08,1.1,0.0
1203,2023-09-07,1.1,0.0
1203,2024-09-12,1.1,0.0
1203,2025-09-11,1.2,0.0
1210,2017-09-04,1.5,0.0
1210,2018-09-11,2.0,0.7
1210,2019-09-02,1.5,0.5
1210,2020-09-05,2.2,0.0
1210,2021-08-29,2.7,0.3
1210,2022-04-23,1.5,0.0
1210,2022-09-05,0.0,0.5
1210,2023-07-17,1.5,0.0
1210,2024-08-09,2.2223535,0.0
1210,2025-08-16,2.82844991,0.0
1213,2025-07-04,0.35,0.0
1215,2017-07-09,3.0,0.0
1215,2018-07-18,3.0,0.0
1215,2019-07-21,3.0,0.0
1215,2020-07-05,4.0,0.0
1215,2021-07-04,4.5,0.0
1215,2022-07-11,3.0,0.0
1215,2022-08-31,0.0,1.0
1215,2023-09-20,3.5,0.0
1215,2024-07-02,5.5,0.0
1215,2025-06-03,4.5,0.0
1216,2017-08-11,2.1,0.0
1216,2018-08-10,5.5,0.0
1216,2019-08-09,2.5,0.0
1216,2020-08-14,2.5,0.0
1216,2021-09-17,2.7,0.0
1216,2022-08-11,2.7,0.0
1216,2023-08-11,3.15,0.0
1216,2024-08-09,3.0,0.0
1216,2025-08-08,3.0,0.0
1217,2022-07-18,0.3,0.0
1217,2023-04-15,0.4,0.0
1217,2024-04-27,0.23,0.0
1217,2025-05-01,0.37,0.0
1218,2017-12-03,0.0,0.0
1218,2018-07-29,0.4,0.0
1218,2019-06-18,0.8,0.0
1218,2020-06-15,0.9,0.0
1218,2021-09-28,1.4,0.0
1218,2022-07-01,1.0,0.0
1218,2023-07-10,0.56985663,0.0
1218,2025-07-02,1.35,0.0
1219,2017-07-28,0.3,0.1
1219,2018-07-24,0.3,0.0
1219,2019-07-24,0.1,0.0
1219,2020-07-14,0.40045266,0.0
1219,2021-08-22,1.0,0.0
1219,2022-07-12,1.1,0.0
1219,2023-07-17,0.5,0.3
1219,2024-07-03,0.5,0.0
1219,2024-07-09,0.0,0.3
1219,2025-06-17,0.5,0.0
1220,2017-07-15,0.65,0.0
1220,2018-07-24,0.4,0.0
1220,2019-07-29,0.46,0.0
1220,2020-08-03,0.6,0.0
1220,2021-08-30,1.0,0.0
1220,2022-07-25,1.0,0.0
1220,2023-07-17,0.2,0.0
1220,2024-07-21,0.4,0.0
1220,2025-07-22,0.7,0.0
1225,2017-08-15,1.25,0.0
1225,2018-07-28,1.25,0.0
1225,2019-08-31,1.15,0.0
1225,2020-08-18,1.3,0.0
1225,2021-09-01,1.4,0.0
1225,2022-09-03,1.6,0.0
1225,2023-09-03,1.5,0.5
1225,2024-09-03,1.4,0.0
1225,2025-09-30,0.14,0.55
1227,2017-08-27,1.6,0.4
1227,2018-08-06,2.0,0.0
1227,2019-07-24,2.5,0.0
1227,2020-07-22,2.65,0.0
1227,2021-08-01,2.5,0.0
1227,2022-07-27,1.9,0.0
1227,2023-07-26,1.29,0.0
1227,2024-07-24,1.25,0.0
1227,2025-07-23,1.4,0.0
1229,2017-09-02,1.6,0.5
1229,2018-09-02,1.8,1.0
1229,2019-09-04,1.6,0.5
1229,2020-08-18,1.6,1.6
1229,2021-04-28,1.7,0.0
1229,2021-10-02,0.0,1.0
1229,2022-04-29,1.8,0.0
1229,2022-09-05,0.0,0.5
1229,2023-08-01,1.3,0.7
1229,2024-08-03,1.3,0.8
1229,2025-07-30,1.3,0.5
1231,2017-09-03,1.75,0.45
1231,2018-09-02,1.4,0.4
1231,2019-09-04,1.8,0.5
1231,2020-08-03,1.6,0.5
1231,2021-08-08,1.6,0.0
1231,2021-08-28,0.0,1.0
1231,2022-07-10,1.5,1.1
1231,2023-07-19,1.6,1.0
1231,2024-08-11,1.6,1.0
1231,2025-08-27,1.6,1.0
1232,2017-07-11,5.0,0.0
1232,2018-07-22,5.0,0.0
1232,2019-07-16,5.0,0.0
1232,2020-07-15,5.0,0.0
1232,2021-08-30,6.0,0.0
1232,2022-07-03,6.0,0.0
1232,2023-07-03,6.0,0.0
1232,2024-07-23,6.6,0.0
1232,2025-06-17,7.0,0.0
1233,2017-07-17,1.6,0.0
1233,2018-07-16,2.25,0.0
1233,2019-07-16,1.9,0.0
1233,2020-07-18,1.6,0.0
1233,2021-09-12,0.8,0.0
1233,2022-07-18,0.7999999999999999,0.0
1233,2023-07-19,0.85,0.0
1233,2024-07-16,0.9,0.0
1233,2025-07-22,0.95,0.0
1234,2017-07-31,2.0,0.0
1234,2018-07-31,1.5,0.0
1234,2019-07-31,1.6,0.0
1234,2020-07-24,1.7,0.0
1234,2021-08-30,1.8,0.0
1234,2022-07-30,1.7,0.0
1234,2023-07-16,1.8,0.0
1234,2024-07-07,1.9,0.0
1234,2025-07-06,1.9,0.0
1235,2018-11-19,0.0,4.5
1235,2019-11-22,0.0,1.25
1235,2020-12-21,0.55,0.55
1235,2021-12-19,1.5,0.0
1235,2022-09-05,1.0,2.8
1235,2023-09-05,1.0,1.2
1235,2024-09-06,0.5,0.5
1235,2025-10-17,0.5,2.0
1236,2017-07-16,0.3,0.0
1236,2018-07-15,0.1,0.0
1236,2019-07-23,0.4,0.0
1236,2020-07-20,0.3,0.0
1236,2021-07-19,0.2,0.0
1236,2022-07-25,0.5,0.0
1236,2023-07-19,1.0,0.0
1236,2024-07-26,0.65,0.0
1236,2025-07-18,0.6,0.0
1256,2017-06-07,4.2,0.0
1256,2017-07-18,0.0,0.0
1256,2018-07-14,5.0,0.0
1256,2019-07-23,6.2,1.0
1256,2020-07-20,6.2,0.0
1256,2021-08-11,12.0,0.0
1256,2022-07-30,13.0,0.0
1256,2023-07-25,6.5,0.0
1256,2024-07-23,6.6,0.0
1256,2025-07-22,4.7,0.0
1256,2025-10-13,0.0,0.0
1301,2017-07-18,4.6,0.0
1301,2018-07-17,5.7,0.0
1301,2019-07-08,5.8,0.0
1301,2020-07-08,4.4,0.0
1301,2021-08-07,2.4,0.0
1301,2022-07-11,8.2,0.0
1301,2023-07-03,4.2,0.0
1301,2024-07-29,1.0,0.0
1301,2025-07-21,0.5,0.0
1303,2017-07-24,4.5,0.0
1303,2018-07-16,5.1,0.0
1303,2019-07-09,5.0,0.0
1303,2020-07-13,2.2,0.0
1303,2021-08-03,2.4,0.0
1303,2022-07-12,7.5,0.0
1303,2023-07-05,3.0,0.0
1303,2024-07-23,0.7,0.0
1303,2025-07-28,0.7,0.0
1304,2017-08-04,0.5,0.2
1304,2018-08-03,0.3,0.2
1304,2019-08-02,0.3,0.0
1304,2020-07-29,0.5,0.0
1304,2021-08-02,1.0,0.0
1304,2022-08-05,2.2,0.0
1304,2023-08-04,0.7,0.0
1304,2024-08-02,0.35,0.0
1304,2025-08-01,0.2,0.0
1305,2017-08-04,1.7,0.3
1305,2018-08-03,1.5,0.3
1305,2019-08-02,1.5,0.4
1305,2020-07-29,0.5,0.5
1305,2021-09-10,1.8,0.5
1305,2022-08-05,2.5,0.0
1305,2023-08-04,0.3,0.0
1305,2024-08-02,0.35,0.0
1305,2025-08-01,0.15,0.0
1307,2017-07-02,2.2,0.0
1307,2018-07-16,1.7,0.0
1307,2019-07-09,0.5,0.0
1307,2020-09-02,0.8,0.0
1307,2021-09-03,0.5,0.0
1307,2022-07-13,0.5,0.0
1307,2023-07-09,0.8,0.0
1307,2024-08-31,1.5,0.0
1307,2025-07-16,2.7,0.0
1308,2017-08-04,0.6,0.3
1308,2018-08-03,0.2,0.7
1308,2019-08-02,0.3,0.0
1308,2020-07-29,0.6,0.5
1308,2021-09-10,1.2,0.2
1308,2022-08-05,3.0,0.0
1308,2023-08-04,1.2,0.0
1308,2024-08-02,0.45,0.0
1308,2025-08-01,0.25,0.0
1309,2019-08-02,0.2,0.2
1309,2020-07-29,0.3,0.3
1309,2021-09-10,2.0,1.0
1309,2022-08-05,2.0,0.5
1309,2023-08-04,0.5,0.0
1309,2024-08-02,0.3,0.0
1309,2025-08-01,0.2,0.0
1310,2017-07-07,2.2,0.0
1310,2018-07-30,1.6,0.0
1310,2019-09-01,2.0,0.0
1310,2020-07-25,1.0,0.0
1310,2021-07-30,0.5,0.0
1310,2022-09-20,0.15,0.0
1310,2023-10-13,0.2,0.0
1312,2017-07-22,1.0,0.0
1312,2018-07-22,1.0,0.0
1312,2019-07-22,0.0,0.0
1312,2021-08-24,0.1,0.0
1312,2022-07-22,2.0,0.0
1312,2023-08-04,0.5,0.0
1312,2023-12-04,0.0,0.0
1313,2017-08-30,0.6,0.25
1313,2018-07-22,1.0,0.8
1313,2019-07-22,0.1984542,0.0
1313,2019-09-01,0.0,0.2976813
1313,2020-04-07,0.2,0.0
1313,2021-04-16,1.0,0.0
1313,2022-04-01,1.0,0.0
1313,2023-03-30,0.2,0.0
1313,2024-03-30,0.2,0.0
1313,2025-07-02,0.14996897,0.0
1314,2019-07-04,0.5,0.5
1314,2020-08-17,0.3,0.0
1314,2021-12-03,0.0,0.0
1314,2022-07-03,0.4,0.0
1315,2017-08-01,1.1,0.0
1315,2018-07-25,1.1,0.0
1315,2019-07-07,1.2,0.0
1315,2020-06-27,3.65,0.0
1315,2020-12-05,4.0,0.0
1315,2021-07-07,4.0,0.0
1315,2021-09-06,2.0,0.0
1315,2022-04-23,2.5,0.0
1315,2022-09-11,2.5,0.0
1315,2023-04-22,3.5,0.0
1315,2023-09-06,2.5,0.0
1315,2024-04-17,2.5,0.0
1315,2024-09-04,2.5,0.0
1315,2025-04-16,2.5,0.0
1315,2025-09-07,2.0,0.0
1316,2018-11-26,2.2630251,0.0
1316,2019-08-07,1.88503724,0.0
1316,2023-08-28,0.0,0.0
1316,2023-10-25,0.54945382,0.0
1316,2025-01-15,0.0,0.0
1319,2017-07-22,2.12,0.0
1319,2018-07-24,2.05,0.0
1319,2019-07-27,1.7,0.0
1319,2020-06-29,1.8,0.0
1319,2021-07-04,0.8,0.0
1319,2022-06-29,0.85,0.0
1319,2023-07-02,2.5,0.0
1319,2024-06-26,4.0,0.0
1319,2025-06-28,5.3,0.0
1321,2021-09-01,1.0,0.0
1321,2022-09-01,0.7,0.0
1321,2024-08-31,0.4,0.0
1321,2025-08-30,0.38,0.0
1323,2017-07-22,1.8,0.0
1323,2018-07-18,1.3,0.0
1323,2019-07-27,1.8,0.0
1323,2020-07-18,1.6,0.0
1323,2021-07-17,1.6,0.0
1323,2022-06-29,1.6,0.0
1323,2023-06-25,1.1,0.0
1323,2024-06-16,1.0,0.0
1323,2025-06-11,0.8999999999999999,0.0
1324,2017-09-03,0.4,0.0
1324,2018-07-02,0.3,0.0
1324,2019-09-01,0.3,0.0
1324,2020-08-30,0.3,0.0
1324,2021-08-23,0.3,0.0
1324,2022-08-27,0.2,0.0
1324,2023-09-02,0.2,0.0
1324,2024-09-01,0.2,0.0
1324,2025-09-03,0.2,0.0
1325,2017-07-26,0.8,0.0
1325,2018-07-22,0.35,0.0
1325,2019-07-20,0.5,0.0
1325,2020-07-22,0.3,0.0
1325,2021-07-21,12.0,0.0
1325,2022-07-24,2.0,0.0
1325,2023-08-02,0.5,0.0
1325,2024-07-16,0.6,0.0
1325,2025-07-14,0.3,0.0
1326,2017-07-12,5.6,0.0
1326,2018-07-11,7.0,0.0
1326,2019-07-02,6.2,0.0
1326,2020-07-07,3.8,0.0
1326,2021-08-02,2.5,0.0
1326,2022-07-04,4.8,0.0
1326,2023-06-20,0.95,0.0
1326,2024-07-16,1.25,0.0
1326,2025-07-07,0.5,0.0
1337,2017-09-06,0.00705851,0.06352657
1337,2018-09-08,0.0028905,0.02601435
1338,2017-07-19,4.0,0.0
1338,2018-07-18,5.0,0.0
1338,2019-07-17,3.5,0.0
1338,2020-07-15,3.5,0.0
1338,2021-08-09,3.5,0.0
1338,2022-07-20,2.5,0.0
1338,2023-07-23,2.0,0.0
1338,2024-07-23,0.5,0.0
1338,2025-07-15,0.7751097,0.0
1339,2017-09-06,2.0,0.0
1339,2018-09-06,2.0,0.0
1339,2019-09-02,2.0,0.0
1339,2020-09-01,2.0,0.0
1339,2021-09-06,2.0,0.0
1339,2022-08-24,2.0,0.0
1339,2023-09-12,3.0,0.0
1339,2024-08-27,3.0,0.0
1339,2025-09-12,3.0,0.0
1340,2017-08-30,1.2,1.0
1340,2018-09-01,0.3,1.0
1340,2019-08-26,0.19999999,1.0
1341,2019-07-18,3.0,0.0
1341,2020-07-05,5.0,0.0
1341,2021-07-26,6.0,0.0
1341,2022-07-13,6.0,0.0
1341,2022-12-10,3.13101743,0.0
1341,2023-07-14,2.98750497,0.0
1341,2024-07-06,4.40023123,0.0
1341,2025-04-04,5.2,0.0
1342,2020-01-18,0.0,0.0
1342,2020-07-06,2.5,0.0
1342,2021-06-09,2.5,0.0
1342,2022-06-12,3.0,0.0
1342,2023-03-24,5.368536,0.0
1342,2024-03-29,5.0,0.0
1342,2024-07-23,0.0,0.99998763
1342,2025-03-28,4.79290281,0.0
1342,2026-03-20,6.0,0.0
1402,2017-07-28,0.8,0.0
1402,2018-07-27,1.2,0.0
1402,2019-07-27,1.8,0.0
1402,2020-08-02,1.5,0.0
1402,2021-08-07,1.35,0.0
1402,2022-08-03,1.5,0.0
1402,2023-07-23,1.35,0.0
1402,2024-07-24,1.35,0.0
1402,2025-07-21,1.6,0.0
1409,2017-09-03,0.25,0.0
1409,2018-09-03,0.5,0.0
1409,2019-09-03,0.85,0.0
1409,2020-09-07,0.55,0.0
1409,2021-09-06,1.1,0.0
1409,2022-09-05,1.4,0.0
1409,2023-09-08,1.0,0.0
1409,2024-09-02,0.55,0.0
1409,2025-09-01,0.6,0.0
1410,2017-07-16,1.45,0.0
1410,2018-07-21,1.4,0.0
1410,2019-07-21,1.3,0.0
1410,2020-06-29,1.0,0.0
1410,2021-07-22,0.9,0.0
1410,2022-07-24,1.3,0.0
1410,2023-07-10,0.8,0.0
1410,2024-07-13,0.3,0.0
1410,2025-08-04,0.50806451,0.0
1414,2017-07-24,0.2,0.0
1414,2018-07-25,0.32,0.0
1414,2019-07-24,0.2,0.0
1414,2020-07-19,0.2,0.0
1414,2021-07-25,0.246,0.0
1414,2022-07-18,0.538,0.0
1414,2023-06-20,0.32,0.0
1414,2024-04-14,0.25,0.0
1414,2025-04-13,0.23,0.0
1416,2017-08-02,3.0,0.0
1416,2018-09-04,1.2,0.0
1416,2019-09-03,1.2,0.0
1416,2021-07-25,0.5,0.0
1416,2022-06-25,0.5,0.0
1416,2023-06-24,0.5,0.0
1416,2024-06-24,0.5,0.0
1416,2025-06-16,0.56,0.0
1417,2020-07-18,0.5,0.0
1417,2021-08-12,0.3,0.0
1417,2022-07-28,0.35,0.0
1417,2023-08-03,0.37,0.0
1417,2024-08-01,0.2,0.0
1419,2017-07-11,0.456193,0.0
1419,2018-07-10,3.72611177,0.0
1419,2019-07-18,0.84752263,0.0
1419,2020-08-13,1.0,0.0
1419,2021-08-13,1.0,0.0
1419,2022-08-17,1.0,0.0
1419,2023-09-01,1.5,0.0
1419,2024-07-18,1.2,0.0
1419,2025-08-01,1.5,0.0
1423,2020-07-29,0.12,0.0
1423,2021-08-28,1.8,0.0
1423,2022-07-18,0.75,0.0
1423,2023-07-19,0.2,0.0
1423,2024-07-18,0.6,0.0
1423,2025-06-23,0.8,0.0
1432,2020-11-22,4.0,0.0
1432,2021-11-29,0.0,0.0
1434,2017-07-30,1.5,0.0
1434,2018-07-24,1.9,0.0
1434,2019-07-23,2.1,0.0
1434,2020-07-19,2.5,0.0
1434,2021-08-09,1.0,0.0
1434,2022-08-01,1.0,0.0
1434,2023-07-24,1.5,0.0
1434,2024-08-06,0.5,0.0
1434,2025-07-30,0.8,0.0
1436,2017-09-03,1.0,0.0
1436,2018-09-09,2.5,0.5
1436,2019-09-06,2.0,2.0
1436,2020-07-26,2.5,0.0
1436,2021-08-08,2.0,0.0
1436,2022-08-01,4.15416695,0.0
1436,2023-07-31,5.13935299,0.0
1436,2024-08-03,5.62651344,0.9377522407
1436,2025-07-27,9.7964854,3.0143032002
1437,2017-07-05,0.5,0.0
1437,2018-07-04,0.5,0.0
1437,2018-08-01,0.0,0.5
1437,2019-07-09,0.5,0.0
1437,2020-07-06,1.1,0.0
1437,2021-07-05,0.7,0.0
1437,2022-07-03,0.9,0.0
1437,2023-07-03,0.8,0.0
1437,2024-07-03,1.13,0.0
1437,2025-08-07,1.35,0.0
1437,2026-01-28,0.48356663,0.0
1438,2021-11-12,0.0,0.0
1438,2023-09-17,1.0,0.0
1438,2024-12-14,0.0,0.0
1439,2017-07-08,0.5,0.0
1439,2020-09-02,5.0,0.0
1439,2022-07-01,0.2,0.0
1439,2023-07-23,0.3,0.0
1439,2024-08-13,0.3,0.0
1439,2025-08-10,0.3,0.0
1440,2017-08-15,0.32,0.0
1440,2018-08-15,0.36,0.0
1440,2019-08-15,0.4,0.0
1440,2020-08-14,0.2,0.0
1440,2021-08-12,0.35,0.0
1440,2022-07-22,0.8,0.0
1440,2023-07-21,0.35,0.0
1440,2024-08-19,0.35,0.0
1440,2025-07-22,0.3,0.0
1441,2019-09-04,0.4,2.90447991
1442,2017-09-12,0.99373019,0.9937301725
1442,2018-08-20,1.79729648,0.0
1442,2019-08-17,1.0,0.0
1442,2020-08-09,0.98689712,0.0
1442,2021-09-15,0.5,0.0
1442,2022-08-08,1.2,0.0
1442,2023-07-14,1.6,0.0
1442,2024-08-25,3.5,0.0
1442,2025-08-29,4.5,0.0
1444,2018-07-13,0.5,0.0
1444,2019-07-06,0.4,0.0
1444,2022-08-19,0.3,0.0
1444,2023-08-01,0.0,0.4
1445,2017-07-12,0.3,0.0
1445,2018-08-27,0.2,0.0
1445,2019-08-27,0.2,0.0
1445,2020-08-29,0.20306276,0.0
1445,2021-09-11,0.2,0.0
1445,2023-07-08,0.1,0.0
1445,2024-06-24,2.5,0.0
1445,2025-04-04,0.5,0.0
1446,2017-09-05,0.30000000000000004,0.0
1446,2018-09-05,0.3,0.0
1446,2019-09-04,0.3,0.0
1446,2020-08-04,0.3,0.0
1446,2021-08-21,0.3,0.0
1446,2022-07-23,0.3,0.0
1446,2023-07-22,0.2,0.0
1446,2024-07-22,0.7,0.0
1446,2025-07-27,2.0,0.0
1447,2019-07-06,0.20176505,0.0
1449,2020-03-12,0.0,0.0
1449,2023-11-06,0.0,0.2936131
1449,2024-07-02,0.0,0.0
1449,2024-09-27,0.030826,0.27743986
1449,2025-08-04,0.0,0.0
1449,2025-10-19,0.0,0.3266337059
1451,2017-07-05,1.5,0.0
1451,2018-07-04,1.5,0.0
1451,2019-07-10,2.0,0.0
1451,2021-08-18,0.6,0.0
1451,2022-07-17,1.0,0.0
1451,2023-07-09,2.0,0.0
1451,2024-07-10,0.50155664,0.0
1451,2025-04-23,1.0,0.0
1452,2017-07-09,1.2,0.0
1452,2018-07-15,1.4,0.0
1452,2019-07-07,1.4,0.0
1452,2020-07-12,1.2,0.0
1452,2021-08-13,0.7,0.0
1452,2022-07-10,2.0,0.0
1452,2023-07-16,0.8,0.0
1452,2024-07-09,0.3,0.0
1452,2025-07-09,0.5,0.0
1453,2019-08-12,0.0,1.0
1453,2020-09-01,0.0,0.2
1453,2022-09-04,0.0,0.3
1453,2023-09-03,0.0,0.3
1453,2024-09-03,0.0,0.3
1453,2025-09-03,0.0,0.3
1454,2017-07-10,0.3,0.0
1454,2018-08-26,0.2,0.0
1454,2019-07-22,0.2,0.0
1454,2020-08-29,0.2586209,0.0
1454,2021-09-08,0.2,0.0
1454,2022-07-20,0.5,0.0
1454,2023-08-30,0.25,0.0
1454,2024-09-02,0.25,0.0
1454,2025-07-28,0.25,0.0
1455,2017-07-26,0.3,0.0
1455,2018-07-18,0.4,0.0
1455,2019-07-28,0.2,0.0
1455,2021-08-17,0.30000000000000004,0.0
1455,2022-08-15,0.8,0.0
1455,2023-07-12,0.1,0.0
1456,2022-06-22,1.5,0.0
1456,2024-07-08,0.2,0.0
1457,2017-07-21,0.5,0.0
1457,2018-07-11,0.7,0.0
1457,2019-07-02,0.7,0.0
1457,2019-09-02,0.5,0.0
1457,2020-04-17,0.5,0.0
1457,2020-09-01,0.5,0.0
1457,2021-05-05,1.0,0.0
1457,2022-07-17,1.0,0.0
1457,2023-06-25,1.0,0.0
1457,2024-04-03,1.0,0.0
1457,2024-09-03,0.0,0.5
1457,2025-04-16,1.0,0.0
1459,2018-07-31,0.1,0.0
1459,2022-07-30,0.2,0.0
1460,2017-08-30,0.4,0.4
1460,2018-08-29,0.0,0.2
1460,2019-09-01,0.0,0.2
1460,2021-08-06,0.0,0.0
1463,2017-07-18,3.3,0.0
1463,2018-07-17,3.0,0.0
1463,2019-07-23,1.4,0.0
1463,2020-07-26,0.6,0.0
1463,2021-09-15,0.3,0.0
1463,2022-08-07,0.4,0.0
1463,2023-07-30,0.4,0.0
1463,2024-09-04,0.5,0.0
1463,2025-10-22,2.1,0.0
1464,2017-06-21,0.0,0.0
1464,2017-09-11,1.9329553,0.43295531
1464,2018-08-17,2.2,0.0
1464,2019-07-15,1.5,0.0
1464,2019-08-11,0.0,0.0
1464,2020-07-17,1.5,0.0
1464,2021-08-21,0.3,0.0
1464,2022-07-11,0.25,0.0
1464,2023-08-30,0.4,0.6
1464,2024-07-02,0.25,0.0
1464,2025-08-11,0.5,0.44
1465,2017-08-08,0.65,0.0
1465,2018-08-18,0.4,0.0
1465,2019-07-29,0.3,0.0
1465,2020-09-13,1.5,0.0
1465,2021-09-07,0.3,0.0
1465,2022-07-25,0.3,0.0
1465,2023-08-01,0.85,0.0
1465,2024-09-16,0.5,0.0
1465,2025-08-27,0.6,0.0
1466,2022-08-30,1.0,0.0
1467,2021-09-19,0.7,0.0
1470,2017-07-31,0.55,0.0
1470,2018-08-07,0.5,0.0
1470,2019-08-07,0.4,0.0
1470,2020-08-05,0.8,0.0
1470,2021-08-04,0.42,0.0
1470,2022-08-03,0.8,0.0
1470,2023-08-03,0.45,0.0
1470,2024-07-21,0.58,0.0
1470,2025-07-21,1.01,0.0
1472,2019-03-03,0.0,0.0
1472,2024-06-21,2.0,0.0
1472,2024-07-06,0.0,0.0
1472,2025-07-15,3.0,0.0
1473,2017-07-29,1.2,0.0
1473,2018-07-30,0.50342913,0.0
1473,2019-07-31,0.5,0.0
1473,2020-08-17,0.5,0.0
1473,2021-10-09,0.2,0.0
1473,2022-08-05,0.1,0.0
1473,2023-07-28,1.0,0.0
1473,2024-07-03,1.2,0.0
1473,2025-06-17,2.0,0.0
1474,2017-07-28,0.6,0.0
1474,2018-08-05,0.6,0.0
1474,2019-09-02,0.3,0.0
1474,2021-10-12,0.4,0.0
1474,2022-08-07,0.5,0.0
1474,2023-09-13,0.4,0.0
1474,2025-08-25,0.4,0.0
1475,2021-04-23,0.0,0.0
1475,2023-08-27,0.5,0.0
1475,2024-07-16,2.0,0.0
1475,2025-07-09,3.6,0.0
1476,2017-07-31,10.5,0.2
1476,2018-07-15,9.5,0.0
1476,2019-07-17,11.0,0.0
1476,2020-07-15,11.0,0.0
1476,2021-08-21,11.0,0.0
1476,2022-07-11,12.0,0.0
1476,2023-06-23,17.0,0.0
1476,2024-04-18,13.5,0.0
1476,2025-07-18,17.0,0.0
1477,2017-07-23,6.71153663,0.0
1477,2018-07-21,6.0,0.0
1477,2019-07-28,7.1,0.5
1477,2020-07-13,5.0,0.0
1477,2021-01-31,0.0,0.0
1477,2021-04-24,8.0,0.0
1477,2022-04-21,9.5,0.0
1477,2023-04-06,14.5,0.0
1477,2024-04-05,16.4,0.0
1477,2024-09-20,7.0,0.2
1477,2025-04-03,10.1,0.0
1477,2025-08-23,6.0,0.0
1503,2017-08-06,1.2,0.0
1503,2018-08-05,1.3,0.0
1503,2019-08-04,1.5,0.0
1503,2020-08-02,1.6,0.0
1503,2021-09-26,1.6,0.0
1503,2022-07-26,1.8,0.0
1503,2023-07-23,2.0,0.0
1503,2024-07-30,3.0,0.0
1503,2025-07-30,4.5,0.0
1504,2017-07-11,0.88,0.0
1504,2018-07-11,0.86,0.0
1504,2019-07-09,0.9,0.0
1504,2020-06-19,0.99,0.0
1504,2021-06-15,1.15,0.0
1504,2022-06-21,1.35,0.0
1504,2023-06-21,1.5,0.0
1504,2024-06-24,2.2,0.0
1504,2025-06-25,2.2,0.0
1506,2020-03-16,0.0,0.0
1513,2017-09-03,1.0,0.0
1513,2018-09-04,1.0,0.0
1513,2019-09-03,1.0,0.0
1513,2020-09-18,1.19655454,0.0
1513,2021-09-13,2.2,0.0
1513,2022-07-31,2.8,0.0
1513,2023-07-22,3.31365964,0.0
1513,2024-07-07,3.6,0.0
1513,2025-09-05,4.6,0.0
1514,2017-08-14,0.5,0.0
1514,2018-08-13,0.5,0.0
1514,2019-09-03,0.7,0.3
1514,2020-09-02,0.7,0.5
1514,2021-09-05,0.7,0.5
1514,2022-09-04,0.75,0.5
1514,2023-09-03,1.0,0.3
1514,2024-09-15,1.58059347,0.1975741914
1514,2025-09-15,1.6994881,0.1999397688
1515,2017-08-03,0.5,0.0
1515,2018-07-19,1.2,0.0
1515,2019-07-05,2.0,0.0
1515,2020-07-20,3.0,0.0
1515,2021-06-16,3.6,0.0
1515,2022-06-16,3.0,0.0
1515,2024-06-19,1.2,0.0
1515,2025-06-18,1.0,0.0
1516,2017-09-03,0.37080407,0.37080407
1516,2018-09-03,0.0,0.49456654
1516,2019-08-31,0.0,0.45689814
1516,2020-09-07,0.07825195,0.3130066487
1516,2021-08-22,0.3748767,0.3748765
1516,2022-10-03,1.55214435,0.0
1516,2023-08-28,0.37663374,0.87881227
1516,2024-11-09,0.0,0.30604009
1517,2017-09-15,0.2,0.0
1517,2018-09-14,0.2,0.0
1517,2019-09-07,0.25,0.0
1517,2020-09-09,0.20213613,0.0
1517,2021-09-27,0.35,0.0
1517,2022-09-26,0.8,0.0
1517,2023-09-19,0.9,0.0
1517,2024-09-21,0.2,0.0
1517,2025-09-20,0.2,0.0
1519,2017-07-29,0.8,0.0
1519,2018-07-25,0.4,0.0
1519,2019-07-26,0.3,0.0
1519,2020-08-07,1.0,0.0
1519,2021-08-07,1.3,0.0
1519,2022-08-06,1.0,0.0
1519,2023-08-04,2.5,0.0
1519,2024-08-02,6.0,1.0
1519,2025-08-02,9.0,1.0
1521,2017-07-16,5.2,0.0
1521,2018-07-11,5.2,0.0
1521,2019-07-11,3.8,0.0
1521,2020-07-15,4.0,0.0
1521,2021-08-27,1.3,0.0
1521,2022-07-12,0.6,0.0
1521,2023-08-02,0.7,0.0
1521,2024-07-07,0.7,0.0
1521,2025-07-05,1.0,0.0
1522,2017-08-03,2.0,0.0
1522,2018-08-01,1.6,0.0
1522,2019-08-01,1.3,0.0
1522,2020-07-29,1.4,0.0
1522,2021-06-29,0.0,0.0
1522,2021-08-25,0.6,0.0
1522,2022-07-22,0.5,0.0
1522,2023-07-28,1.8,0.0
1522,2024-07-26,2.0,0.0
1522,2025-07-25,3.0,0.0
1524,2017-07-26,0.5,0.0
1524,2018-07-23,0.45,0.0
1524,2019-07-22,0.5,0.0
1524,2020-04-16,0.4,0.0
1524,2021-04-16,0.21,0.0
1524,2022-04-20,0.3,0.0
1524,2023-04-20,1.0,0.0
1524,2024-04-18,1.3,0.0
1524,2025-04-23,2.3,0.0
1525,2017-08-01,2.3,0.0
1525,2018-08-06,2.4,0.0
1525,2019-08-06,1.8,0.0
1525,2020-08-06,2.0,0.0
1525,2021-09-06,2.2,0.0
1525,2022-08-05,2.1,0.0
1525,2023-07-25,2.1,0.0
1525,2024-07-05,3.3,0.0
1525,2025-07-02,3.1,0.0
1526,2017-08-01,0.8,0.0
1526,2018-09-05,1.0,0.0
1526,2018-11-01,0.0,0.0
1526,2019-09-05,1.0,0.0
1526,2020-09-01,0.8,0.0
1526,2021-10-05,1.8,0.0
1526,2022-07-19,2.6,0.0
1526,2022-11-27,1.8,0.0
1526,2023-06-25,1.6,0.0
1526,2023-12-05,0.6,0.0
1527,2017-09-03,4.1,0.0
1527,2018-09-08,1.4,0.0
1527,2019-09-03,4.0,0.0
1527,2020-09-05,1.2,0.0
1527,2021-09-20,2.35,0.0
1527,2022-08-30,2.4,0.0
1527,2023-08-30,2.4,0.0
1527,2024-08-04,2.0,0.0
1527,2025-08-10,2.2,0.0
1528,2017-08-20,0.5,0.0
1528,2018-07-02,0.0,0.0
1528,2018-08-05,0.0,0.0
1528,2018-08-20,0.5,0.0
1528,2019-06-23,0.0,0.0
1528,2019-08-01,0.20061392,0.0
1528,2020-10-03,0.10418123,0.0
1528,2021-09-03,0.1,0.0
1528,2022-09-02,0.1,0.0
1528,2023-09-02,0.1,0.0
1528,2024-09-01,0.1,0.0
1528,2025-09-27,0.1,0.0
1529,2019-07-12,0.2,0.0
1529,2020-07-29,0.5,0.0
1529,2021-07-23,0.5,0.0
1529,2022-09-16,0.2,0.7
1529,2023-08-04,0.25,0.35
1529,2024-08-02,0.3,0.3
1529,2025-09-01,0.2,0.0
1530,2017-08-09,0.7,0.0
1530,2018-08-09,1.25,0.0
1530,2019-08-09,2.0,0.0
1530,2020-08-10,1.5,0.0
1530,2021-09-11,2.5,0.0
1530,2022-08-11,1.5,0.0
1530,2023-08-02,1.6,0.0
1530,2024-08-15,1.5,0.0
1530,2025-07-08,1.53171443,0.0
1531,2017-07-28,0.6,0.0
1531,2018-09-04,0.8,0.0
1531,2019-07-19,0.5,0.0
1531,2020-08-02,0.20152498,0.0
1531,2021-09-21,0.20164737,0.0
1531,2022-09-04,0.7,0.0
1531,2023-09-08,0.8,0.0
1531,2024-08-09,0.2,0.0
1531,2025-07-20,0.4,0.0
1532,2017-07-24,1.7,0.0
1532,2018-07-23,1.5,0.0
1532,2019-07-22,2.7,0.0
1532,2020-08-18,0.92184663,0.0
1532,2021-07-18,1.03,0.0
1532,2022-07-20,2.11,0.0
1532,2023-07-23,1.19999003,0.0
1532,2024-09-05,1.43413122,0.0
1532,2025-07-28,1.73372654,0.0
1533,2017-08-31,0.2,0.0
1533,2018-09-02,0.3,0.0
1533,2019-09-01,0.8,0.0
1533,2020-09-02,0.5,0.0
1533,2022-09-11,0.3,0.0
1535,2017-07-20,1.8,0.0
1535,2018-07-20,1.25,0.0
1535,2019-07-24,1.1,0.0
1535,2020-07-22,1.2,0.0
1535,2021-09-20,1.35,0.0
1535,2022-07-25,2.6,0.0
1535,2023-07-25,3.0,0.0
1535,2024-07-27,3.3,0.0
1535,2025-07-27,3.0,0.0
1536,2017-02-14,0.0,0.0
1536,2017-07-10,3.5,0.0
1536,2018-07-10,3.75,0.0
1536,2019-07-10,3.5,0.0
1536,2020-07-05,2.0,0.0
1536,2020-12-20,0.0,0.0
1536,2021-08-10,1.1,0.0
1536,2022-07-04,1.365,0.0
1536,2023-07-09,1.6,0.0
1536,2024-07-07,1.0,0.0
1536,2025-04-16,0.8,0.0
1537,2017-08-02,9.0,0.0
1537,2018-08-27,9.5,0.0
1537,2019-08-19,10.0,0.0
1537,2020-08-18,10.0,0.0
1537,2021-08-18,10.0,0.0
1537,2022-08-23,7.0,0.0
1537,2023-08-29,10.0,0.0
1537,2024-08-27,7.0,0.0
1537,2025-08-25,10.5,0.0
1539,2017-09-08,1.2,0.0
1539,2018-09-08,1.0,0.0
1539,2019-09-07,1.8,0.0
1539,2020-09-08,0.8,0.0
1539,2022-09-04,0.8,0.0
1539,2023-09-03,2.5,0.0
1539,2024-09-01,0.6,0.0
1539,2025-08-31,0.85,0.0
1540,2017-07-30,1.0,0.0
1540,2018-07-30,0.6000000000000001,0.0
1540,2019-07-30,1.5,0.0
1540,2020-07-28,1.0,0.0
1540,2021-08-05,0.5,0.0
1540,2022-08-08,0.3,0.0
1540,2023-08-01,0.6,0.0
1540,2024-08-05,1.1,0.0
1540,2025-07-21,1.6,0.0
1541,2017-09-01,3.3,0.0
1541,2018-09-01,1.5,0.0
1541,2019-09-01,1.0,0.0
1541,2021-10-17,3.0,0.0
1541,2022-09-01,2.5,0.0
1541,2023-09-01,1.0,0.0
1541,2024-09-02,0.5,0.0
1541,2025-09-02,0.5,0.0
1558,2017-07-10,9.5,0.0
1558,2018-07-15,8.5,0.0
1558,2019-07-12,11.0,0.0
1558,2020-07-07,8.8,0.0
1558,2021-08-28,9.5,0.0
1558,2022-08-05,8.5,0.0
1558,2022-10-31,0.0,0.0
1558,2023-07-29,5.5,0.0
1558,2024-08-09,3.8,0.0
1558,2025-08-02,6.0,0.0
1560,2017-07-09,3.0,0.0
1560,2018-07-09,3.5,0.0
1560,2019-07-09,3.5,0.0
1560,2020-07-12,2.8,0.0
1560,2021-08-03,2.79833843,0.0
1560,2022-07-20,2.79669382,0.0
1560,2023-07-19,3.99875091,0.0
1560,2024-07-17,3.99648634,0.0
1560,2025-07-27,3.9866338900000002,0.0
1563,2017-08-20,3.0,0.0
1563,2018-07-22,3.0,0.0
1563,2019-07-15,3.0,0.0
1563,2020-09-09,2.00085234,0.0
1563,2021-09-22,2.0164307,0.0
1563,2022-08-15,1.0,1.0
1563,2023-09-04,1.95832435,0.0
1563,2024-07-24,1.80209858,0.0
1563,2025-08-18,2.26930735,0.0
1568,2017-07-08,1.2,0.0
1568,2018-07-07,0.8,0.0
1568,2019-07-12,0.65,0.0
1568,2020-07-18,0.50363485,0.0
1568,2021-07-18,0.3,0.0
1568,2022-06-15,0.3,0.0
1568,2023-06-05,1.1,0.0
1568,2024-06-02,1.34,0.0
1568,2025-06-03,1.2,0.0
1582,2017-07-25,5.44766688,0.0
1582,2018-07-23,5.0,0.0
1582,2019-07-14,6.5,0.0
1582,2020-07-21,4.5,0.0
1582,2021-08-23,5.0,0.0
1582,2022-07-16,5.3,0.0
1582,2023-07-24,2.99996064,0.0
1582,2024-07-27,4.03018201,0.0
1582,2025-06-22,5.5,0.0
1583,2017-08-26,1.0,0.0
1583,2018-09-11,2.5,0.0
1583,2019-09-08,3.0,0.0
1583,2020-08-19,3.0,0.0
1583,2021-08-20,3.0,0.0
1583,2022-08-19,2.5,0.0
1583,2023-08-18,3.0,0.0
1583,2024-08-23,4.0,0.0
1583,2025-07-14,3.02742221,0.0
1587,2017-06-12,1.0,1.05
1587,2018-07-28,0.44320589,0.0
1587,2019-09-01,0.1,0.2
1587,2020-06-20,0.5024634,0.0
1587,2021-09-08,1.5,0.5
1587,2022-07-12,1.0,0.0
1587,2023-06-10,1.0,0.0
1587,2024-06-08,0.50182817,0.0
1587,2024-09-02,0.0,0.50182825
1587,2024-11-12,0.0,0.0
1587,2025-06-14,0.5,0.0
1589,2017-07-19,3.25,0.0
1589,2018-07-16,1.533691,0.0
1589,2020-07-26,0.5,0.0
1589,2020-09-28,0.0,0.0
1589,2021-09-04,1.5,0.0
1589,2022-08-10,0.6,0.0
1589,2024-10-07,0.0,0.0
1589,2025-10-30,0.0,0.0
1590,2017-06-21,5.36889929,0.0
1590,2017-07-30,0.0,0.0
1590,2018-09-06,7.4448,0.0
1590,2019-09-09,5.23972,0.0
1590,2020-09-10,4.7347,0.0
1590,2021-06-22,9.1623,0.0
1590,2021-09-29,0.0,0.0
1590,2022-09-13,13.305,0.0
1590,2023-10-02,13.11805,0.0
1590,2024-10-04,17.68314,0.0
1590,2025-09-29,19.54836001,0.0
1597,2017-08-02,1.0,0.0
1597,2018-08-05,1.0,2.5
1597,2019-09-01,1.0,1.0
1597,2020-08-30,1.0,0.0
1597,2021-06-13,1.5,0.0
1597,2022-06-20,1.5,0.0
1597,2022-09-04,0.0,1.0
1597,2023-08-27,2.0,0.0
1597,2024-08-28,0.8,0.0
1597,2025-08-27,0.7,0.0
1598,2017-06-20,2.1,0.0
1598,2018-07-04,0.5,0.0
1598,2018-09-30,0.0,0.0
1598,2019-08-06,0.34985289,0.34985289
1598,2019-12-10,0.0,0.0
1598,2020-07-19,1.10589199,0.0
1598,2021-07-03,7.46837978,0.0
1598,2022-07-03,2.51457255,0.0
1598,2023-06-03,0.49992041,0.0
1598,2024-07-26,0.0,0.5
1598,2025-03-12,0.0,0.0
1598,2025-06-08,0.5,0.0
1603,2017-09-03,0.5,0.0
1603,2018-09-03,1.0,0.0
1603,2019-10-23,0.5,0.0
1603,2020-09-06,0.5,0.0
1603,2021-09-05,0.5,0.0
1603,2022-09-04,0.5,0.0
1603,2023-09-03,0.5,0.0
1603,2024-09-03,1.3,0.0
1603,2025-09-05,1.5,0.0
1604,2017-07-30,1.4,0.0
1604,2018-08-28,0.2,0.0
1604,2019-08-10,1.4,0.0
1604,2020-07-07,1.5,0.0
1604,2021-09-21,2.5,0.0
1604,2022-07-11,2.7,0.0
1604,2023-05-04,1.5,0.0
1604,2024-04-18,1.5,0.0
1604,2025-04-19,1.5,0.0
1605,2017-07-18,0.7,0.0
1605,2018-06-24,1.0,0.0
1605,2019-06-24,1.2,0.0
1605,2020-07-01,0.50608642,0.0
1605,2021-08-08,0.9,0.0
1605,2022-06-27,1.6,0.0
1605,2023-06-12,1.8,0.0
1605,2024-06-28,1.1,0.0
1605,2025-06-10,0.5,0.0
1608,2018-07-11,0.73,0.0
1608,2020-07-14,0.66,0.0
1608,2021-09-15,0.7,0.0
1608,2022-07-15,1.5,0.0
1608,2023-07-18,0.4,0.0
1608,2024-07-16,1.0,0.0
1608,2025-07-21,1.0,0.0
1609,2018-07-28,0.35,0.0
1609,2019-08-11,0.3,0.0
1609,2019-08-31,0.0,0.4
1609,2020-07-24,0.30279865,0.0
1609,2021-10-19,0.35,0.35
1609,2022-09-04,0.35,0.6
1609,2023-08-06,0.48043835,0.09608766
1609,2024-08-24,1.2,0.5
1609,2025-07-20,0.75,0.15
1611,2018-07-18,1.0,0.0
1611,2019-07-20,0.15,0.0
1611,2020-06-21,1.2,0.0
1611,2021-09-21,0.3,0.0
1611,2022-07-27,0.8,0.0
1611,2023-06-25,0.3,0.0
1611,2024-06-16,0.5,0.0
1611,2025-04-01,0.8,0.0
1612,2017-07-07,0.28,0.0
1612,2018-07-13,0.5,0.0
1612,2019-07-15,0.32,0.0
1612,2020-07-11,0.5,0.0
1612,2021-07-12,1.2,0.0
1612,2022-07-16,2.8,0.0
1612,2023-07-16,1.5,0.0
1612,2024-07-08,2.0,0.0
1612,2025-07-15,2.1,0.0
1614,2017-07-26,1.05359506,0.0
1614,2018-07-21,0.69647415,0.0
1614,2019-07-21,0.90859895,0.0
1614,2020-07-24,0.83287031,0.0
1614,2021-07-16,0.94927775,0.0
1614,2022-07-15,1.23302384,0.0
1614,2023-07-21,0.99258538,0.0
1614,2024-07-15,1.07300502,0.0
1614,2025-07-21,0.58246376,0.0
1615,2017-07-10,0.75,0.0
1615,2018-07-10,0.9,0.0
1615,2019-07-15,1.35,0.0
1615,2020-07-26,1.0,1.0
1615,2021-06-30,1.2,0.0
1615,2021-08-17,0.0,1.2
1615,2022-07-25,2.0,0.0
1615,2022-09-20,0.0,0.8
1615,2023-07-25,1.5,0.0
1615,2023-09-02,0.0,1.0
1615,2024-09-01,1.44,1.44
1615,2025-08-23,2.0,0.5
1616,2024-09-03,0.37,0.0
1616,2025-07-15,1.8036,0.0
1617,2017-08-06,0.39999998999999997,0.0
1617,2018-08-01,0.6,0.0
1617,2019-09-01,1.0,0.0
1617,2020-08-06,0.3,0.0
1617,2021-09-22,0.6,0.0
1617,2022-04-20,0.0,0.0
1617,2022-08-03,0.82297121,0.0
1617,2023-08-03,0.29998901,0.0
1617,2024-08-05,0.28165736,0.0
1617,2025-07-31,0.5,0.0
1618,2017-07-22,0.3,0.0
1618,2018-07-23,0.3,0.0
1618,2019-07-16,0.3,0.0
1618,2020-07-21,0.3,0.0
1618,2021-08-10,0.3,0.0
1618,2022-07-18,0.5,0.0
1618,2023-07-17,0.6000000000000001,0.0
1618,2024-07-28,1.0,0.0
1618,2025-08-24,1.5,0.0
1623,2025-05-03,6.5,0.0
1626,2017-08-14,1.00258834,0.0
1626,2018-08-04,0.1,0.0
1626,2019-11-29,0.0,0.0
1626,2020-07-27,0.8,0.2
1626,2021-09-21,0.59839952,0.39893301
1626,2023-09-12,0.5,0.5000000137
1626,2024-06-26,0.3,0.0
1702,2017-07-19,2.80708133,0.0
1702,2018-07-18,2.7,0.0
1702,2019-07-02,2.7,0.0
1702,2020-07-07,2.0,0.0
1702,2021-06-07,2.0,0.0
1702,2022-06-11,2.2,0.0
1702,2023-06-07,2.0,0.0
1702,2024-06-08,2.5,0.0
1702,2025-06-09,2.5,0.0
1707,2017-07-17,6.4,0.0
1707,2018-07-15,6.67601019,0.0
1707,2019-06-30,6.5,0.0
1707,2020-07-04,6.5,0.0
1707,2021-08-08,6.4,0.0
1707,2022-06-21,6.1,0.0
1707,2023-06-30,6.9,0.0
1707,2024-06-27,6.9,0.0
1707,2025-01-27,2.7,0.0
1707,2025-06-29,4.2,0.0
1707,2026-01-15,2.2,0.0
1708,2017-07-21,0.5,0.5
1708,2018-07-21,1.0,0.0
1708,2019-07-28,0.5,0.5
1708,2020-07-17,0.8,0.8
1708,2021-09-04,0.9,0.9
1708,2022-07-27,2.0,0.0
1708,2023-07-14,3.0,0.0
1708,2024-06-08,1.5,0.0
1708,2025-06-05,2.0,0.0
1709,2017-08-31,1.50546881,0.3763671946
1709,2018-08-31,1.49573972,0.0
1709,2019-08-31,0.49724107,0.0
1709,2020-08-31,0.5,0.0
1709,2021-08-31,1.2,0.0
1709,2022-08-30,1.7,0.0
1709,2023-09-01,1.8,0.0
1709,2024-09-02,0.6,0.0
1709,2025-09-02,0.8,0.0
1710,2017-07-07,0.2,0.0
1710,2018-07-08,1.75,0.0
1710,2019-07-10,1.75,0.0
1710,2020-07-19,0.3,0.0
1710,2022-07-09,0.7,0.0
1710,2023-07-10,0.2,0.0
1710,2024-07-08,0.2,0.0
1711,2017-07-05,0.5,0.0
1711,2018-07-11,0.5,0.0
1711,2019-06-30,0.5,0.0
1711,2020-06-23,0.3,0.0
1711,2021-06-22,0.3,0.0
1711,2022-06-22,0.5,0.0
1711,2023-06-21,0.35,0.0
1711,2024-06-28,0.15,0.0
1711,2025-06-27,0.3,0.0
1712,2017-07-29,0.93900097,0.0
1712,2018-08-15,1.00173514,0.0
1712,2019-07-10,1.3,0.0
1712,2020-04-14,1.3,0.0
1712,2021-04-14,1.3,0.0
1712,2022-04-14,1.8,0.0
1712,2023-03-22,2.8,0.0
1712,2024-03-20,2.8,0.0
1712,2025-03-20,2.5,0.0
1713,2017-07-17,0.58,0.0
1713,2018-07-17,0.44,0.0
1713,2019-07-17,0.71,0.0
1713,2020-07-16,0.58,0.0
1713,2021-08-18,0.66,0.0
1713,2022-08-12,0.85,0.0
1713,2023-08-16,1.0,0.0
1713,2024-07-13,1.4,0.0
1713,2025-08-13,7.5,0.0
1714,2017-09-23,0.0,0.35
1714,2018-11-03,0.3,0.0
1714,2019-11-02,0.15,0.0
1714,2021-09-05,0.7,0.0
1714,2022-08-12,0.42,0.0
1714,2023-08-21,0.1,0.0
1714,2024-08-21,0.3,0.0
1714,2025-08-27,0.20504121,0.0
1717,2017-08-10,1.5,0.5
1717,2018-08-01,0.5,0.7
1717,2019-07-22,0.9,0.0
1717,2020-07-15,1.4,0.0
1717,2021-08-02,1.5,0.0
1717,2022-08-03,1.5,0.0
1717,2023-04-04,1.2,0.0
1717,2023-12-04,0.0,0.0
1717,2024-05-01,0.8,0.0
1717,2024-07-22,0.0,0.0
1717,2025-05-01,1.2,0.0
1718,2018-09-04,0.1,0.65
1718,2019-08-12,0.1,0.65
1718,2021-11-02,0.1,0.4
1720,2017-08-08,1.5,0.0
1720,2018-08-08,1.6,0.0
1720,2019-08-07,1.5,0.0
1720,2020-08-05,1.5,0.0
1720,2021-08-04,1.8,0.0
1720,2022-08-05,2.5,0.0
1720,2023-08-09,2.5,0.0
1720,2024-08-09,2.7,0.0
1720,2025-08-12,2.8,0.0
1721,2017-07-23,0.7,0.0
1721,2018-07-23,0.2,0.0
1721,2021-08-11,0.5,0.0
1721,2023-07-29,0.1,0.0
1722,2017-08-23,2.1,0.0
1722,2018-08-31,2.1,0.0
1722,2019-08-26,2.2,0.0
1722,2020-09-05,2.2,0.0
1722,2021-09-05,2.3,0.0
1722,2022-09-03,2.8,0.0
1722,2023-09-02,2.5,0.0
1722,2024-09-02,2.6,0.0
1722,2025-09-08,2.0,0.0
1723,2017-07-26,4.5,0.0
1723,2018-07-25,4.6,0.0
1723,2019-07-16,5.3,0.0
1723,2020-07-21,5.0,0.0
1723,2021-08-25,2.8000000000000003,0.0
1723,2022-07-11,4.0,0.0
1723,2023-07-20,5.0,0.0
1723,2024-07-17,4.0,0.0
1723,2025-07-16,4.5,0.0
1725,2017-08-02,0.8,0.0
1725,2018-08-05,0.83,0.0
1725,2019-08-05,0.84,0.0
1725,2020-07-22,0.81,0.0
1725,2021-07-14,0.96,0.0
1725,2022-07-31,1.23,0.0
1725,2023-08-08,1.0,0.0
1725,2024-07-29,0.85,0.0
1725,2025-07-07,1.25,0.0
1726,2017-08-27,4.0,0.0
1726,2018-08-29,3.5,0.0
1726,2019-09-01,3.5,0.0
1726,2020-08-31,3.2,0.0
1726,2021-08-31,3.5,0.0
1726,2022-08-30,3.5,0.0
1726,2023-08-21,3.5,0.0
1726,2024-07-23,3.5,0.0
1726,2025-07-22,3.6,0.0
1727,2017-07-15,0.6,0.0
1727,2018-07-24,0.6,0.0
1727,2019-07-10,0.6,0.0
1727,2020-06-21,0.2,0.0
1727,2022-06-20,0.52,0.0
1727,2023-08-11,0.73102222,0.0
1727,2024-08-04,0.28674735,0.0
1727,2025-08-11,0.5,0.0
1730,2017-08-04,2.17630907,0.0
1730,2018-08-03,2.26844415,0.0
1730,2019-08-08,3.5,0.0
1730,2020-08-22,3.76,0.0
1730,2021-08-15,3.86,0.0
1730,2022-08-04,3.0,0.0
1730,2023-08-09,3.0,0.0
1730,2024-08-07,2.8,0.0
1730,2025-07-09,3.0,0.0
1731,2017-07-10,0.55,0.0
1731,2018-07-01,0.6,0.0
1731,2019-07-01,0.5,0.0
1731,2020-07-03,0.6,0.0
1731,2021-08-09,1.0,0.0
1731,2022-07-04,1.17,0.0
1731,2023-07-03,1.1,0.0
1731,2024-07-06,1.15,0.0
1731,2025-07-06,1.2,0.0
1732,2021-09-26,0.5,0.0
1732,2022-09-12,0.35,0.0
1732,2025-09-06,0.5,0.0
1733,2017-07-05,1.5,0.0
1733,2018-07-10,1.50054167,0.0
1733,2019-07-07,0.84779325,0.0
1733,2020-07-07,1.10634249,0.0
1733,2021-08-23,1.09369385,0.0
1733,2022-06-22,1.3,0.0
1733,2023-06-21,1.4,0.0
1733,2024-05-25,1.1,0.0
1733,2025-06-17,1.2,0.0
1734,2017-07-17,0.1,0.0
1734,2018-07-29,0.2,0.0
1734,2019-07-23,0.1,0.0
1734,2020-07-31,0.2,0.0
1734,2021-09-06,0.2,0.0
1734,2022-07-29,0.2,0.0
1734,2023-07-21,1.0,0.0
1734,2024-09-10,1.0,0.8
1734,2025-07-19,1.0,0.0
1734,2025-09-08,0.0,0.5
1735,2017-07-16,0.5,0.0
1735,2018-09-03,0.5,0.0
1735,2019-07-28,0.15,0.0
1735,2020-07-12,0.65,0.0
1735,2021-08-17,0.5,0.0
1735,2023-07-25,0.5,0.0
1735,2024-09-03,0.5,0.0
1735,2025-06-25,0.8,0.0
1736,2017-08-16,1.15,0.0
1736,2018-07-24,0.3,0.0
1736,2019-07-23,0.65,0.0
1736,2020-09-22,1.40178592,0.0
1736,2021-10-10,1.12,0.0
1736,2022-09-16,0.5,0.0
1736,2023-08-04,0.6,0.0
1736,2024-08-05,0.9987537,0.0
1736,2025-08-07,4.0,0.0
1737,2017-08-23,1.5,0.0
1737,2018-08-22,1.5,0.0
1737,2019-08-26,1.8,0.0
1737,2020-08-31,1.5,0.0
1737,2021-10-26,1.35,0.0
1737,2022-08-29,1.5,0.0
1737,2023-08-29,1.5,0.0
1737,2024-08-26,1.2,0.0
1737,2025-08-26,1.3,0.0
1752,2017-08-29,1.6,0.0
1752,2018-08-29,1.6,0.0
1752,2019-07-24,1.2,0.0
1752,2020-07-13,1.7,0.0
1752,2021-08-30,1.6,0.0
1752,2022-07-05,1.8,0.0
1752,2023-06-26,2.3,0.0
1752,2024-07-10,2.0,0.0
1752,2025-07-09,1.6,0.0
1760,2017-07-22,0.9,1.0
1760,2018-06-25,1.5,0.0
1760,2019-07-03,1.8,0.0
1760,2020-07-06,1.8,0.0
1760,2021-06-30,0.7,0.0
1760,2021-08-14,0.0,0.0
1760,2022-07-03,1.5,0.0
1760,2023-07-24,2.0,0.0
1760,2024-06-19,1.5,0.0
1760,2025-06-18,1.7999999999999998,0.0
1762,2017-07-30,0.5,0.0
1762,2018-07-30,0.5,0.0
1762,2019-07-30,1.2,0.0
1762,2020-07-30,0.8,0.0
1762,2021-07-30,1.5,0.0
1762,2022-07-30,1.3,0.0
1762,2023-07-30,1.3,0.0
1762,2024-07-30,0.8,0.0
1762,2025-07-30,0.1915858,0.0
1773,2017-06-28,4.0,0.0
1773,2018-06-15,4.6,0.0
1773,2019-06-19,5.0,0.0
1773,2020-07-14,2.2,2.0
1773,2021-08-21,3.48888889,1.11111111
1773,2022-07-05,3.0,2.5
1773,2023-07-10,3.6,0.0
1773,2024-06-21,3.2,0.0
1773,2025-06-21,2.5,2.0
1776,2017-07-15,1.6,0.0
1776,2018-09-23,1.5,0.0
1776,2019-09-03,0.8,0.0
1776,2020-09-10,0.84563927,0.0
1776,2021-08-31,1.00016635,0.0
1776,2022-09-03,1.5,0.0
1776,2023-06-30,0.6,0.0
1776,2024-06-21,0.5,0.0
1776,2025-06-21,0.8,0.0
1783,2018-07-30,0.15033847,0.0
1783,2019-07-30,0.68049822,0.0
1783,2020-08-12,0.78,0.0
1783,2021-08-27,0.73074297,0.0
1783,2022-11-19,0.0,1.0
1783,2023-09-13,0.5,0.5
1783,2024-07-29,0.99873133,0.0
1783,2025-09-13,0.82996297,0.0
1786,2018-06-23,0.2,0.0
1786,2019-01-13,0.0,0.0
1786,2019-08-18,1.6,0.0
1786,2020-09-08,1.3641,0.5
1786,2021-10-10,0.959848,0.85
1786,2022-07-24,1.417565,0.0
1786,2023-08-01,1.98011052,0.0
1786,2024-07-30,2.40756287,0.0
1786,2025-05-03,3.2395943,0.0
1789,2017-08-18,0.3,0.4
1789,2018-08-03,0.48,0.0
1789,2019-08-02,0.49,0.0
1789,2020-07-31,0.27,0.0
1789,2021-09-03,0.5,0.0
1789,2022-07-15,0.48,0.0
1789,2023-07-14,0.36,0.0
1789,2024-07-12,0.3,0.0
1789,2025-07-11,0.35,0.0
1795,2021-07-13,0.35,0.0
1795,2022-08-10,1.93121526,0.0
1795,2023-07-11,3.45992166,0.0
1795,2024-08-11,4.64745218,0.0
1795,2025-08-17,5.77859188,0.0
1802,2018-07-08,0.5,0.0
1802,2019-07-14,0.3,0.0
1802,2021-07-25,0.5,0.0
1802,2022-07-04,1.82,0.0
1805,2023-11-08,0.0,0.0
1805,2025-01-03,0.0,0.0
1806,2022-07-24,1.0,0.0
1806,2025-07-11,1.0,0.0
1808,2017-09-17,5.074871740000001,0.0
1808,2018-07-24,3.5378101500000003,0.0
1808,2019-11-10,8.0,0.0
1808,2020-10-01,2.0,2.0
1808,2021-10-02,0.2,0.6000000000000001
1808,2022-10-02,2.0,1.5
1808,2023-10-02,0.6,0.0
1808,2024-10-02,3.0,12.0
1808,2025-10-02,2.0,0.0
1809,2017-08-15,0.3,0.0
1809,2018-07-24,0.2,0.0
1809,2019-07-17,0.2,0.0
1809,2020-07-27,0.2,0.0
1809,2021-08-18,0.2,0.0
1809,2022-08-01,0.25,0.0
1809,2023-08-11,0.25,0.0
1809,2024-08-06,0.2,0.0
1809,2025-07-26,0.25,0.0
1810,2018-08-01,0.3,0.0
1810,2019-08-01,0.2,0.0
1810,2021-08-02,0.2,0.0
1810,2022-08-02,0.2,0.0
1810,2023-08-02,0.2,0.0
1810,2024-08-04,0.2,0.0
1810,2025-07-08,0.19,0.0
1817,2017-08-15,2.2,0.0
1817,2018-08-16,2.3,0.0
1817,2019-08-14,2.3,0.0
1817,2020-07-07,1.71235917,0.0
1817,2021-08-29,2.0,0.0
1817,2022-07-08,2.0,0.0
1817,2023-07-04,2.3,0.0
1817,2024-07-09,1.8,0.0
1817,2025-07-06,2.4,0.0
1904,2017-07-21,0.5,0.0
1904,2018-07-20,0.7,0.0
1904,2019-07-19,1.1,0.0
1904,2020-07-12,1.2,0.0
1904,2021-08-23,1.8,0.0
1904,2022-07-04,1.9,0.0
1904,2023-07-03,1.1,0.0
1904,2024-06-30,0.5,0.0
1904,2025-06-27,0.45,0.0
1905,2017-07-21,0.35,0.0
1905,2018-07-25,0.5,0.0
1905,2019-07-26,0.35,0.0
1905,2022-07-21,0.40586774,0.0
1905,2023-07-28,0.3,0.0
1906,2017-07-06,1.5,0.0
1906,2018-07-06,1.0,0.0
1906,2019-06-30,0.5,0.0
1906,2020-07-15,0.5,0.0
1906,2021-07-15,0.4,0.0
1906,2022-07-13,0.6,0.0
1906,2023-07-12,0.5,0.0
1906,2024-07-10,0.15,0.0
1906,2025-07-10,0.1,0.0
1907,2018-07-18,0.6,0.0
1907,2019-07-22,0.6,0.0
1907,2020-07-21,0.7,0.0
1907,2021-06-15,1.5,0.0
1907,2022-07-23,1.5,0.0
1907,2023-07-19,0.9,0.0
1907,2024-07-19,0.9,0.0
1907,2025-07-19,0.8,0.0
1909,2017-07-16,1.48946704,0.0
1909,2017-08-01,0.0,0.0
1909,2018-07-10,1.75,0.0
1909,2018-11-23,0.0,0.0
1909,2019-07-06,0.5,0.0
1909,2019-11-12,0.0,0.0
1909,2020-07-08,0.3,0.0
1909,2020-11-13,0.0,0.0
1909,2021-07-08,0.6,0.0
1909,2022-07-11,1.2,0.0
1909,2022-12-11,0.0,0.0
1909,2023-07-10,0.25,0.0
2002,2017-08-01,0.85,0.0
2002,2018-08-01,0.88,0.0
2002,2019-08-01,1.0,0.0
2002,2020-08-01,0.5,0.0
2002,2021-09-06,0.3,0.0
2002,2022-08-01,3.1,0.0
2002,2023-08-01,1.0,0.0
2002,2024-08-01,0.35,0.0
2002,2025-08-01,0.33,0.0
2006,2017-08-12,1.3,0.0
2006,2018-07-07,1.4,0.0
2006,2019-07-22,1.2,0.0
2006,2020-06-20,1.35,0.0
2006,2021-07-03,1.5,0.0
2006,2022-04-02,6.4,0.0
2006,2023-04-05,3.5,0.0
2006,2024-03-30,4.2,0.0
2006,2025-03-26,4.0,0.0
2006,2026-03-28,4.3,0.0
2008,2023-07-31,0.52619827,0.0
2008,2024-07-20,1.0,0.0
2008,2025-07-19,0.5,0.0
2009,2021-09-20,0.8,0.0
2009,2022-07-22,1.0,0.0
2009,2023-07-25,0.4,0.0
2009,2025-07-28,0.5,0.0
2010,2017-07-10,0.7,0.0
2010,2018-07-09,0.5,0.0
2010,2019-07-27,0.56,0.0
2010,2020-07-17,0.3,0.0
2010,2021-07-17,0.6,0.0
2010,2022-04-29,1.3,0.0
2010,2023-07-24,0.6,0.0
2010,2024-07-12,1.0,0.0
2010,2025-04-25,1.3,0.0
2012,2017-08-30,0.75,0.0
2012,2018-07-08,0.75,0.0
2012,2019-07-19,1.3,0.0
2012,2020-07-11,1.2,0.0
2012,2021-04-03,0.6,0.0
2012,2021-12-04,0.5,0.0
2012,2022-04-03,1.0,0.0
2012,2022-09-17,0.0,0.5
2012,2022-12-13,0.5,0.0
2012,2023-07-03,1.0,0.0
2012,2024-07-06,0.91,0.0
2012,2025-09-01,1.0,0.0
2013,2017-07-26,0.26,0.0
2013,2018-07-25,0.24,0.0
2013,2019-07-24,0.47,0.0
2013,2020-07-27,0.81,0.0
2013,2021-09-05,2.8,0.0
2013,2022-07-27,2.0,0.0
2013,2023-07-05,1.7,0.0
2013,2024-07-10,1.9,0.0
2013,2025-07-20,2.0,0.0
2014,2019-08-01,0.1,0.0
2014,2021-09-01,0.3,0.0
2014,2022-08-01,2.8,0.0
2014,2023-08-01,0.35,0.0
2014,2024-08-01,0.1,0.0
2015,2017-07-01,3.0,0.0
2015,2018-07-14,3.5,0.0
2015,2019-07-07,4.0,0.0
2015,2020-07-05,3.0,0.0
2015,2021-08-28,3.5,0.0
2015,2022-04-15,5.0,0.0
2015,2023-04-06,4.0,0.0
2015,2024-04-19,3.5,0.0
2015,2025-04-03,3.5,0.0
2015,2026-04-02,3.3,0.0
2017,2017-06-26,0.35,0.0
2017,2018-06-18,0.45,0.4499999569
2017,2019-07-14,0.4,0.0
2017,2021-09-10,0.3,0.0
2017,2022-07-22,0.6,0.6
2017,2023-08-16,0.4,0.4
2020,2017-07-21,0.8,0.0
2020,2018-07-21,1.42,0.0
2020,2019-07-20,1.4,0.0
2020,2020-06-24,1.85,0.0
2020,2021-06-19,1.7,0.0
2020,2022-06-24,3.0,0.0
2020,2023-06-19,1.0,0.0
2020,2024-06-18,2.0,0.0
2020,2024-08-05,0.0,2.0
2020,2025-06-17,2.2,0.0
2022,2018-10-27,0.0,0.0
2022,2024-07-03,0.2,0.0
2023,2017-09-01,0.4,0.6
2023,2018-08-29,0.2,0.3
2023,2019-09-02,0.1,0.2
2023,2022-08-15,0.5,0.0
2023,2022-09-05,0.0,0.5
2023,2023-08-01,0.30152926,0.0
2023,2024-07-30,0.2,0.0
2023,2024-09-03,0.0,0.2
2024,2017-07-04,0.6,0.0
2024,2018-07-04,0.8,0.0
2024,2019-07-02,0.6,0.0
2024,2020-07-08,0.35,0.0
2024,2021-09-15,0.25,0.0
2024,2022-08-25,1.2,0.0
2024,2023-07-18,0.35,0.0
2027,2017-08-01,0.49752268,0.29851361
2027,2017-11-05,0.0,0.0
2027,2018-09-01,0.8,0.4
2027,2019-08-20,3.0,0.0
2027,2020-07-21,1.0,0.2
2027,2020-09-19,0.0,0.0
2027,2021-08-15,0.8,0.0
2027,2021-09-13,0.0,0.0
2027,2022-07-26,1.8,0.1
2027,2023-08-05,2.4,2.0
2027,2024-08-11,1.2,0.0
2027,2025-07-19,1.1,0.0
2028,2022-07-11,2.5,0.0
2028,2023-01-01,0.85331144,0.0
2028,2023-08-13,0.45,0.0
2028,2024-01-01,0.50049208,0.0
2028,2024-07-15,0.3,0.0
2028,2025-01-03,0.3,0.0
2029,2017-07-25,2.45,0.0
2029,2018-07-24,1.75,0.0
2029,2019-07-23,0.25,0.0
2029,2020-07-23,0.15,0.0
2029,2021-07-20,0.5,0.0
2029,2022-07-20,2.55,0.0
2029,2023-07-19,1.03,0.0
2029,2024-07-22,1.25,0.0
2029,2025-07-21,1.25,0.0
2030,2018-07-28,1.0,0.0
2030,2019-07-23,1.0,0.0
2030,2020-07-29,0.51069419,0.0
2030,2021-09-11,0.5,0.0
2030,2022-07-27,2.0,0.0
2030,2023-07-11,1.5,0.0
2030,2024-07-10,0.5,0.0
2030,2025-07-07,0.71156664,0.0
2031,2017-07-11,1.8,0.0
2031,2018-07-24,1.97667026,0.0
2031,2019-07-22,1.5,0.0
2031,2020-07-21,0.80911495,0.0
2031,2021-08-16,1.91973251,0.0
2031,2022-07-12,4.0,0.0
2031,2023-07-12,1.0,0.0
2031,2024-07-09,3.0,0.0
2031,2025-06-25,2.5,0.0
2032,2017-07-02,0.4,0.0
2032,2018-07-14,0.1,0.0
2032,2019-07-07,0.13,0.0
2032,2020-07-12,0.35,0.0
2032,2021-07-26,0.53,0.0
2032,2022-07-05,1.18,0.0
2032,2023-07-19,0.2,0.0
2032,2025-07-05,0.375,0.0
2033,2017-07-23,0.3,0.0
2033,2018-07-31,0.2,0.0
2033,2019-08-07,0.2,0.0
2033,2020-07-28,0.2,0.0
2033,2021-08-31,0.3,0.0
2033,2022-07-30,0.2,0.0
2033,2025-08-15,0.2,0.0
2034,2017-07-10,1.8,0.0
2034,2018-07-22,1.8,0.0
2034,2019-07-08,1.8,0.0
2034,2020-07-21,1.5,0.0
2034,2020-12-18,0.0,0.0
2034,2021-10-11,1.47501729,0.0
2034,2022-07-25,1.49760191,0.0
2034,2023-07-26,1.49590883,0.0
2034,2024-08-03,1.0,0.0
2034,2024-10-20,0.0,0.0
2034,2025-07-21,1.0,0.0
2038,2017-08-29,0.0,0.5000000057
2038,2021-08-31,0.5,0.0
2038,2022-09-03,1.5,0.0
2038,2023-09-03,0.0,0.5
2038,2025-09-03,0.0,0.2
2049,2017-08-22,1.6,0.2
2049,2018-07-29,3.5,0.3
2049,2019-08-13,7.0,0.3
2049,2020-08-18,1.8,0.3
2049,2020-11-11,0.0,0.0
2049,2021-08-19,2.0,0.0
2049,2021-09-23,0.0,0.3
2049,2022-07-18,4.5,0.0
2049,2023-07-12,5.5,0.0
2049,2024-07-16,2.5,0.0
2049,2025-07-23,2.4,0.0
2059,2017-09-04,8.25,0.0
2059,2018-09-04,5.0,0.0
2059,2019-09-02,9.5,0.0
2059,2020-09-02,8.0,0.0
2059,2021-09-01,6.12,0.0
2059,2022-09-05,10.88,0.0
2059,2023-09-04,20.0,0.0
2059,2024-09-04,14.19,0.0
2059,2025-09-03,32.2,0.0
2062,2017-11-06,0.99991318,0.0
2062,2018-11-06,0.3,0.0
2062,2019-09-30,0.3,0.0
2062,2020-09-26,0.1,0.0
2062,2021-08-10,0.0,0.0
2062,2021-10-04,0.08150945,0.0
2062,2022-11-23,0.5,0.0
2062,2023-07-31,1.0,0.0
2062,2024-07-29,0.8,0.0
2062,2025-09-03,1.8,0.0
2069,2017-08-01,1.63771176,0.0
2069,2018-07-30,1.54048017,0.0
2069,2018-09-11,0.0,0.0
2069,2019-08-02,2.5,0.0
2069,2020-08-03,0.5,0.0
2069,2021-08-10,0.55,0.0
2069,2021-10-03,0.0,0.0
2069,2022-07-18,2.2,0.0
2069,2023-07-17,1.0,0.0
2069,2024-07-06,0.5,0.0
2069,2025-06-28,0.9,0.0
2101,2017-05-22,1.14344611,0.0
2101,2018-05-27,0.7068576,0.0
2101,2019-06-08,0.2001031,0.0
2101,2019-08-28,0.5,0.0
2101,2020-03-19,0.75,0.0
2101,2020-09-01,0.35,0.0
2101,2021-05-18,0.6,0.0
2101,2025-03-28,0.5,0.0
2102,2017-07-18,0.1,0.0
2102,2021-11-15,0.02,0.0
2103,2017-08-05,1.0,0.0
2103,2018-07-24,0.96,0.0
2103,2019-09-07,0.98,0.0
2103,2020-07-25,0.5,0.0
2103,2021-08-31,0.36,0.0
2103,2022-07-25,2.4,0.0
2103,2023-07-05,1.08,0.0
2103,2024-07-10,0.5599999999999999,0.0
2103,2025-07-07,0.63,0.0
2104,2017-09-05,1.5,0.5
2104,2018-09-02,1.8,1.0
2104,2019-09-03,1.5,1.3
2104,2020-09-06,0.2,0.0
2104,2021-09-07,0.1,0.0
2104,2022-06-29,0.2,0.0
2104,2023-07-05,0.1,0.0
2105,2017-07-31,3.0,0.0
2105,2018-07-21,1.8,0.0
2105,2019-07-28,1.1,0.0
2105,2020-07-31,1.0,0.0
2105,2021-09-05,1.2,0.0
2105,2022-07-31,1.2,0.0
2105,2023-06-09,1.4,0.0
2105,2024-06-11,2.0,0.0
2105,2025-06-20,2.4,0.0
2106,2017-09-04,2.0,0.0
2106,2018-09-02,1.2,0.0
2106,2019-09-02,1.0,0.0
2106,2020-09-08,0.4,0.40003202
2106,2021-09-01,1.0,0.0
2106,2022-09-11,1.0,0.0
2106,2023-07-22,0.5,0.50010446
2106,2024-06-23,1.0,0.0
2106,2025-06-23,1.1,0.0
2107,2017-07-02,0.55361871,0.0
2107,2018-07-03,0.65,0.0
2107,2019-06-30,0.68,0.0
2107,2020-07-11,0.81793378,0.0
2107,2021-08-30,1.5,0.0
2107,2022-07-09,1.2,0.0
2107,2023-07-11,1.2,0.0
2107,2024-07-07,1.3,0.0
2107,2025-06-22,1.4,0.0
2108,2017-07-31,1.0,0.5
2108,2018-07-31,1.0,0.5
2108,2019-08-15,1.8,0.0
2108,2020-07-19,2.1,0.0
2108,2021-04-13,4.0,0.0
2108,2022-04-01,7.0,0.0
2108,2023-04-05,2.0,0.0
2108,2024-04-04,1.0,0.0
2108,2025-04-01,1.0,0.0
2109,2017-08-19,0.2,0.0
2109,2021-09-28,0.5,0.0
2109,2022-04-20,0.5,0.0
2109,2022-09-22,0.5,0.0
2109,2023-04-22,0.4,0.0
2109,2023-09-20,0.4,0.0
2109,2024-04-25,0.8,0.0
2109,2024-09-27,0.7,0.0
2109,2025-04-19,0.8,0.0
2109,2025-10-02,0.5,0.0
2114,2017-07-16,5.0,0.0
2114,2018-07-18,5.0,0.0
2114,2019-08-31,5.0,0.5
2114,2020-07-18,5.0,0.0
2114,2021-09-01,5.0,1.0
2114,2022-07-18,7.0,0.0
2114,2023-07-19,5.0,0.0
2114,2024-06-08,5.0,0.0
2114,2025-06-30,5.0,0.0
2115,2017-09-10,0.9997209,0.9997209
2115,2018-07-16,1.5,0.0
2115,2019-08-09,1.00000004,0.4999999573
2115,2020-08-31,2.20000009,0.4999999129
2115,2021-08-16,1.49999995,1.0000000553
2115,2022-07-12,2.0,0.0
2115,2023-07-04,1.3,0.0
2115,2024-07-22,1.0,0.4999999346
2115,2025-06-23,1.5,0.0
2201,2017-07-26,0.5,0.0
2201,2018-07-24,0.58,0.0
2201,2019-07-29,0.67,0.0
2201,2021-08-09,1.0,0.0
2201,2022-08-31,1.5,0.0
2201,2023-06-12,0.0,0.0
2201,2023-08-31,0.93457943,0.0
2201,2024-08-30,1.4,0.0
2201,2025-08-29,1.3,0.0
2204,2017-07-28,1.6,0.0
2204,2018-07-27,1.8,0.0
2204,2019-07-26,1.7,0.0
2204,2021-07-30,7.0,0.0
2204,2022-07-29,5.5,0.0
2204,2023-07-20,4.0,0.0
2204,2024-07-26,6.0,0.0
2204,2025-07-25,4.2,0.0
2206,2017-07-24,1.03381824,0.0
2206,2018-07-30,1.01815585,0.0
2206,2019-07-27,1.0,0.0
2206,2020-07-27,1.01008869,0.0
2206,2021-08-16,1.3088629,0.0
2206,2022-07-26,1.30024452,0.0
2206,2023-07-31,1.8,0.0
2206,2024-07-30,3.0,0.0
2206,2025-07-28,3.02781449,0.0
2207,2017-07-24,12.0,0.0
2207,2018-07-23,12.0,0.0
2207,2019-07-22,12.0,0.0
2207,2020-07-20,14.0,0.0
2207,2021-07-17,17.0,0.0
2207,2022-07-16,20.0,0.0
2207,2023-08-09,2.0,0.2
2207,2024-06-26,20.0,0.0
2207,2025-07-08,20.0,0.0
2208,2018-12-29,0.0,0.0
2208,2021-03-07,0.0,0.0
2208,2023-12-23,0.0,0.0
2211,2020-08-10,2.0,0.0
2211,2021-09-05,2.09157486,0.0
2211,2022-09-04,3.0,0.0
2211,2023-07-24,5.0,0.0
2211,2024-07-22,6.5,0.0
2211,2025-07-25,5.0,0.0
2227,2017-08-29,22.0,0.0
2227,2018-08-27,21.0,0.0
2227,2019-08-27,17.67,0.0
2227,2020-08-18,21.27,0.0
2227,2021-08-11,18.53,0.0
2227,2022-08-31,9.06,0.0
2227,2023-09-04,7.22,0.0
2227,2024-09-02,3.48,0.0
2227,2025-09-02,3.9,0.0
